<?xml version="1.0" encoding="UTF-8"?>
<configuration>
    <springProperty scope="context" name="LOG_PATH" source="log.path"/>
    <springProperty scope="context" name="APP_NAME" source="spring.application.name"/>

    <!--    Comentar en produccion-->
    <appender name="Console"
              class="ch.qos.logback.core.ConsoleAppender">
        <layout class="ch.qos.logback.classic.PatternLayout">
            <Pattern>
                %black(%d{ISO8601}) %highlight(%-5level) [%blue(%t)] %yellow(%C{1.}): %msg%n%throwable
            </Pattern>
        </layout>
    </appender>

    <appender name="RollingFile"
              class="ch.qos.logback.core.rolling.RollingFileAppender">
        <file>
            ${LOG_PATH}/${APP_NAME}-log.log
        </file>
        <encoder class="ch.qos.logback.classic.encoder.PatternLayoutEncoder">
            <Pattern>
                %d{yyyy-MM-dd} | %d{HH:mm:ss.SSS} | %5p | [%-7.7thread] %m%n
            </Pattern>
        </encoder>

        <rollingPolicy
                class="ch.qos.logback.core.rolling.TimeBasedRollingPolicy">
            <!-- rollover daily and when the file reaches 10 MegaBytes -->
            <fileNamePattern>
                ${LOG_PATH}/archived/${APP_NAME}-log-%d{yyyy-MM-dd}-%i.log
            </fileNamePattern>
            <timeBasedFileNamingAndTriggeringPolicy
                    class="ch.qos.logback.core.rolling.SizeAndTimeBasedFNATP">
                <maxFileSize>100MB</maxFileSize>
            </timeBasedFileNamingAndTriggeringPolicy>
        </rollingPolicy>
    </appender>

    <!-- LOG everything at INFO level -->
    <root level="info">
        <appender-ref ref="RollingFile"/>
        <appender-ref ref="Console"/>
    </root>

    <logger name="pe.com.project1.ms" level="trace" additivity="false">
        <appender-ref ref="RollingFile"/>
        <appender-ref ref="Console"/>
    </logger>

</configuration>