{
	"info": {
		"_postman_id": "de45d70d-b38d-4de2-9284-e5e93b2ac57a",
		"name": "Spring Redis",
		"schema": "https://schema.getpostman.com/json/collection/v2.1.0/collection.json"
	},
	"item": [
		{
			"name": "Create User",
			"request": {
				"method": "POST",
				"header": [],
				"body": {
					"mode": "raw",
					"raw": "{\n    \"name\": \"Jeen\",\n    \"age\": 29,\n    \"salary\": 2500 \n}",
					"options": {
						"raw": {
							"language": "json"
						}
					}
				},
				"url": {
					"raw": "http://localhost:9001/api/users",
					"protocol": "http",
					"host": [
						"localhost"
					],
					"port": "9001",
					"path": [
						"api",
						"users"
					]
				}
			},
			"response": []
		},
		{
			"name": "Find User By Id API 1",
			"request": {
				"method": "GET",
				"header": [],
				"url": {
					"raw": "http://localhost:9001/api/users/2",
					"protocol": "http",
					"host": [
						"localhost"
					],
					"port": "9001",
					"path": [
						"api",
						"users",
						"2"
					]
				}
			},
			"response": []
		},
		{
			"name": "Find User By Id API 2",
			"request": {
				"method": "GET",
				"header": [],
				"url": {
					"raw": "http://localhost:9002/api/users/2",
					"protocol": "http",
					"host": [
						"localhost"
					],
					"port": "9002",
					"path": [
						"api",
						"users",
						"2"
					]
				}
			},
			"response": []
		},
		{
			"name": "Update User By Id API 1",
			"request": {
				"method": "PATCH",
				"header": [],
				"url": {
					"raw": "http://localhost:9001/api/users/2/3000",
					"protocol": "http",
					"host": [
						"localhost"
					],
					"port": "9001",
					"path": [
						"api",
						"users",
						"2",
						"3000"
					]
				}
			},
			"response": []
		},
		{
			"name": "Remove User By Id API 1",
			"request": {
				"method": "DELETE",
				"header": [],
				"url": {
					"raw": "http://localhost:9001/api/users/2",
					"protocol": "http",
					"host": [
						"localhost"
					],
					"port": "9001",
					"path": [
						"api",
						"users",
						"2"
					]
				}
			},
			"response": []
		}
	],
	"protocolProfileBehavior": {}
}